id,first_name,last_name,email,gender,ip_address
1,John,Doe,johndoe@example.com,Male,192.168.1.1
2,Alice,Smith,asmith@example.com,Female,10.0.0.1
3,Michael,Johnson,michaelj@example.com,Male,172.16.0.5
4,Emily,Williams,ewill@example.com,Female,192.0.2.10
5,David,Brown,dbrown@example.com,Male,198.51.100.3
6,Sarah,Miller,smiller@example.com,Female,203.0.113.7
7,Matthew,Jones,mjones@example.com,Male,198.18.0.1
8,Olivia,Davis,odavis@example.com,Female,172.31.255.2
9,William,Anderson,wanderson@example.com,Male,10.10.10.10
10,Sophia,Wilson,swilson@example.com,Female,172.19.2.1
